card_number,business_name,destination_url
J1963LM17,,https://www.youtube.com
J1963LM18,,https://www.youtube.com
J1963LM19,,https://www.youtube.com
J1963LM20,,https://www.youtube.com
J1963LM21,,https://www.youtube.com
J1963LM22,,https://www.youtube.com
J1963LM23,,https://www.youtube.com
J1963LM24,,https://www.youtube.com
J1963LM25,,https://www.youtube.com
J1963LM26,,https://www.youtube.com
J1963LM27,,https://www.youtube.com
J1963LM28,,https://www.youtube.com
J1963LM29,,https://www.youtube.com
J1963LM30,,https://www.youtube.com
J1963LM31,,https://www.youtube.com
J1963LM32,,https://www.youtube.com
J1963LM33,,https://www.youtube.com
J1963LM34,,https://www.youtube.com
J1963LM35,,https://www.youtube.com
J1963LM36,,https://www.youtube.com
J1963LM37,,https://www.youtube.com
J1963LM38,,https://www.youtube.com
J1963LM39,,https://www.youtube.com
J1963LM40,,https://www.youtube.com
J1963LM41,,https://www.youtube.com
J1963LM42,,https://www.youtube.com
J1963LM43,,https://www.youtube.com
J1963LM44,,https://www.youtube.com
J1963LM45,,https://www.youtube.com
J1963LM46,,https://www.youtube.com
J1963LM47,,https://www.youtube.com
J1963LM48,,https://www.youtube.com
J1963LM49,,https://www.youtube.com
J1963LM50,,https://www.youtube.com
J1963LM51,,https://www.youtube.com
J1963LM52,,https://www.youtube.com
J1963LM53,,https://www.youtube.com
J1963LM54,,https://www.youtube.com
J1963LM55,,https://www.youtube.com
J1963LM56,,https://www.youtube.com
J1963LM57,,https://www.youtube.com
J1963LM58,,https://www.youtube.com
J1963LM59,,https://www.youtube.com
J1963LM60,,https://www.youtube.com
J1963LM61,,https://www.youtube.com
J1963LM62,,https://www.youtube.com
J1963LM63,,https://www.youtube.com
J1963LM64,,https://www.youtube.com
J1963LM65,,https://www.youtube.com
J1963LM66,,https://www.youtube.com
J1963LM67,,https://www.youtube.com
J1963LM68,,https://www.youtube.com
J1963LM69,,https://www.youtube.com
J1963LM70,,https://www.youtube.com
J1963LM71,,https://www.youtube.com
J1963LM72,,https://www.youtube.com
J1963LM73,,https://www.youtube.com
J1963LM74,,https://www.youtube.com
J1963LM75,,https://www.youtube.com
J1963LM76,,https://www.youtube.com
